Zip Code,#2 Fuel Oil with 0% biodiesel (gallons),#2 Fuel Oil with 2% biodiesel (gallons),#2 Fuel Oil with 5% biodiesel (gallons),#2 Fuel Oil with 6% biodiesel (gallons),#2 Fuel Oil with 10% biodiesel (gallons),#2 Fuel Oil with 17% biodiesel (gallons),Total #2 Fuel Oil without Biodiesel Component,Total Biodiesel Blended with #2 Fuel Oil,Total Biodiesel Blended with #2 Fuel Oil 1,#4 Fuel Oil with 2% biodiesel (gallons),#4 Fuel Oil with 5% biodiesel (gallons),#4 Fuel Oil with 6% biodiesel (gallons),Total #4 Fuel Oil without Biodiesel Component,Total Biodiesel Blended with #4 Fuel Oil
10000,0,425.7068636,74.58984758,203.5432477,0,11084,9879.103734,1908.74,3884.56,0,0,0,0,0
10001,0,104897.4781,1276470.118,1466960.737,53004,1145,2744753.584,159861.75,708384.87,28233.95679,878615.3,595182.366,1421825.237,80206.3861
10002,1025.4,44135.18597,114240.5072,819264.8591,228196.1,9542,1140772.482,81332.57,308346.87,1900.232669,31878,67313.14398,95420.68336,5670.693292
10003,0,109173.6697,799006.767,1997289.213,88278.1,6882,2846575.635,176447.61,741284.04,11745.99101,334085.9,279048.641,591198.3987,33682.13328
10004,0,3759.136785,28112.65379,72218.85629,0,0,98276.70007,5813.95,25469.29,7764.033649,24453,380825.4651,388815.0402,24227.45858
10005,0,2177.914624,54587.30136,3541.326447,0,0,57321.13949,2985.4,14449.63,544.4126962,28350,68.05585606,27529.99695,1432.471605
10006,0,1309.02172,22231.45907,12706.38263,0,0,34346.72708,1900.14,8769.48,542.167834,28233.1,67.77523068,27416.47819,1426.564871
10007,0,6571.536687,131992.8259,37860.74922,0,5541,172021.4249,9944.69,44348.97,1444.393134,46449,28947.56047,72752.76211,4088.191491
10008,0,96.01832903,16.82376569,2545.909249,0,0,2503.235234,155.52,656.16,0,0,0,0,0
10009,0,45325.15648,224641.3068,890712.4197,2300,58159,1172573.539,82481.84,310213.05,1018.295623,53027.2,127.2949379,51493.42695,2679.363609
10010,0,55918.67821,676090.3412,808944.4009,0,7437,1463666.576,84723.84,377457.16,9864.529537,192327.1,322596.1435,495618.3589,29169.4142
10011,0,96803.11372,1142608.871,1318817.578,61463.1,35852,2525057.873,155424.19,655448.29,19051.07996,310125.5,684330.8344,956560.2677,56947.14666
10012,0,40208.03247,262125.8145,769562.0689,6899.4,26382.7,1046466.041,66895.97,274552.38,3469.544994,76119,104989.4203,174403.2592,10174.70612
10013,0,46667.896,573088.1737,621244.1239,37374.7,13161,1219258.64,72977.25,316688.98,2324.97635,0,121362.5403,116359.2647,7328.251944
10014,0,31219.08072,258240.5233,535456.1809,16269.8,19957,813111.1363,51346.45,213305.68,4934.996434,132035.3,125568.9133,248304.61,14234.59972
10015,0,1119.228051,196.1045424,29676.13657,0,0,29178.71118,1812.76,7648.5,643.7147242,0,33601.56939,32216.31565,2028.968458
10016,0,106318.8143,705218.056,2057001.621,670.3,68618,2770203.645,173768.55,726580.2,30361.46015,959260,625592.2206,1529107.918,86105.76244
10017,0,58310.16064,943051.5627,597320.3405,0,12583,1527644.432,86966.23,391826,12467.84192,286115,364699.778,626845.5264,36437.09352
10018,0,61654.2486,952951.1941,683598.1495,0,9005,1615781.209,91427.38,414583.63,26551.90783,697086.9,688908.6967,1335827.6,76719.90496
10019,0,96160.48609,1147616.774,1275270.519,135948.9,4960,2511883.109,150804.57,652634.99,15789.21064,263798.7,560389.7751,792848.5801,47129.10572
10020,0,238.5325737,41.79427169,6324.649593,0,0,6218.637098,386.34,1630.07,0,0,0,0,0
10021,0,115980.7739,1434381.968,1529354.794,1041,57455,3021181.044,190331.19,779907.66,27150.79636,1056235.7,361021.5624,1369391.964,75016.09467
10022,0,44070.08554,380362.0006,751069.8326,23615.6,11378,1149081.527,71220.89,299075.82,20661.32213,888312.2,190197.9273,1042930.737,56240.71208
10023,0,94291.12445,1036267.235,1290288.421,2783,39737,2443263.261,167661.72,626802.73,35058.68554,1158239.6,671805.3106,1766182.124,98921.47235
10024,0,89162.78933,1037536.678,1205872.11,86968.6,23702,2325046.761,143874.42,603747.97,34424.57437,1441806.2,355138.4417,1737282.108,94087.10799
10025,0,104382.1784,1093135.63,1590487.557,37836.3,44706,2722829.537,167517.13,708123.24,35096.35084,1095086.2,736924.8191,1767435.644,99671.72616
10026,0,49753.33746,710618.6866,530846.0662,74659.8,11794,1299824.165,77847.73,337812.56,4369.905656,174830.5,53276.27247,220451.1787,12025.49946
10027,0,72157.1828,937050.5563,751311.818,175258.2,44003,1876003.647,122031.61,493581.44,11374.56137,432313.3,161432.8094,573591.5459,31529.12479
10028,0,92112.59914,818271.1267,1531633.802,31422.2,28166,2398218.092,152383.44,622227.89,18130.91534,492055.02,454369.2066,912327.6202,52227.5217
10029,0,48033.77593,630658.4951,523806.2921,81208,38094,1249887.085,80170.08,328496.17,9706.611448,277330.7,229349.3025,488564.9886,27821.62538
10030,0,22278.11125,370167.1393,185618.0346,15132.5,13534,580946.354,35935.43,150094.3,1984.976699,102846.6,768.1376526,100371.5966,5228.117793
10031,10920.5,75695.51583,870219.0221,1083976.101,26935.9,16639,1978101.032,117910.81,511205.85,12588.76107,399668.7,257457.9938,634032.7651,35682.68985
10032,0,110195.0052,1048458.419,1846475.244,36247.4,3869,2880394.463,170909.61,745776.7,16437.21154,798434,59579.78033,830625.7608,43825.23105
10033,1758.9,76524.83766,857388.731,1166921.425,14682.9,0,2002752.485,116223.31,516434.01,31701.40478,966015.5,688781.1242,1596236.358,90261.67055
10034,0,74851.77205,1209502.786,675147.0822,71125.9,3555,1954757.401,117891.14,501149.42,20655.68597,779451.7,298764.2227,1041560.057,57311.55208
10035,0,54131.79631,584195.5543,485595.339,338039.9,20679,1398910.036,100001.55,376529.56,3830.167036,131987.8,67944.90091,193010.1806,10752.6874
10036,0,45403.74557,460035.4767,686603.0955,0,37989,1180227.313,77004.2,307609.63,8471.51283,172075.9,270132.6055,425698.8368,24981.18159
10037,0,14122.12235,155496.395,107649.5112,103088.1,10686,364400.4657,26641.66,99521.76,1000.517236,52101.4,125.0725001,50594.40504,2632.584695
10038,0,2470.947202,23579.64481,9276.434131,30275.6,2818,63129.01891,5291.61,17917.41,1321.703444,68827,165.2232947,66836.22927,3477.697467
10039,0,15756.07777,188149.5871,171219.8544,60557.9,603,410132.3271,26154.09,108180.56,2026.666997,105537.6,253.3492668,102485.002,5332.614296
10040,0,61381.14559,604384.1426,916694.7707,102390.3,11332,1600339.573,99306.79,418681.9,28427.71586,854713.1,629198.6874,1431283.373,81056.13056
10041,0,0,0,0,0,0,0,0,0,0,0,0,0,0
10043,0,0,0,0,0,0,0,0,0,0,0,0,0,0
10044,0,0,0,0,0,0,0,0,0,0,0,0,0,0
10045,0,0,0,0,0,0,0,0,0,0,0,0,0,0
10046,0,0,0,0,0,0,0,0,0,0,0,0,0,0
10047,0,0,0,0,0,0,0,0,0,0,0,0,0,0
10048,0,0,0,0,0,0,0,0,0,0,0,0,0,0
10055,0,0,0,0,0,0,0,0,0,0,0,0,0,0
10060,0,0,0,0,0,0,0,0,0,0,0,0,0,0
10065,0,25441.54264,201108.5172,439196.3663,5399.3,1914,660412.4574,44064.87,169863.84,5204.60842,46066.2,225611.6169,260938.3261,15944.09918
10069,0,0,0,0,0,0,0,0,0,661.1877793,25310,9203.653657,33343.89846,1830.942975
10072,0,0,0,0,0,0,0,0,0,0,0,0,0,0
10075,0,11811.88678,126318.5092,188941.2181,0,0,309182.9778,17888.64,79725.23,7872.084687,193033.6,217885.0723,395908.531,22882.22603
10079,0,0,0,0,0,0,0,0,0,0,0,0,0,0
10080,0,0,0,0,0,0,0,0,0,0,0,0,0,0
10081,0,0,0,0,0,0,0,0,0,0,0,0,0,0
10082,0,0,0,0,0,0,0,0,0,0,0,0,0,0
10087,0,0,0,0,0,0,0,0,0,0,0,0,0,0
10090,0,0,0,0,0,0,0,0,0,0,0,0,0,0
10094,0,0,0,0,0,0,0,0,0,0,0,0,0,0
10095,0,0,0,0,0,0,0,0,0,0,0,0,0,0
10096,0,0,0,0,0,0,0,0,0,0,0,0,0,0
10098,0,0,0,0,0,0,0,0,0,0,0,0,0,0
10099,0,0,0,0,0,0,0,0,0,0,0,0,0,0
10101,0,0,0,0,0,0,0,0,0,0,0,0,0,0
10102,0,0,0,0,0,0,0,0,0,0,0,0,0,0
10103,0,0,0,0,0,0,0,0,0,0,0,0,0,0
10104,0,0,0,0,0,0,0,0,0,0,0,0,0,0
10105,0,0,0,0,0,0,0,0,0,0,0,0,0,0
10106,0,0,0,0,0,0,0,0,0,0,0,0,0,0
10107,0,30.26497731,793.3028509,14.47059538,0,0,796.8997458,41.14,200.52,38.42574269,0,2005.803519,1923.112536,121.116726
10108,0,0,0,0,0,0,0,0,0,0,0,0,0,0
10109,0,0,0,0,0,0,0,0,0,0,0,0,0,0
10110,0,0,0,0,0,0,0,0,0,0,0,0,0,0
10111,0,0,0,0,0,0,0,0,0,0,0,0,0,0
10112,0,0,0,0,0,0,0,0,0,0,0,0,0,0
10113,0,0,0,0,0,0,0,0,0,0,0,0,0,0
10114,0,0,0,0,0,0,0,0,0,0,0,0,0,0
10115,0,0,0,0,0,0,0,0,0,488.8768402,0,25519.11344,24467.06594,1540.924343
10116,0,0,0,0,0,0,0,0,0,0,0,0,0,0
10117,0,0,0,0,0,0,0,0,0,0,0,0,0,0
10118,0,0,0,0,0,0,0,0,0,0,0,0,0,0
10119,0,0,0,0,0,0,0,0,0,0,0,0,0,0
10120,0,0,0,0,0,0,0,0,0,0,0,0,0,0
10121,0,0,0,0,0,0,0,0,0,0,0,0,0,0
10122,0,3391.943491,594.3163469,89936.79014,0,0,88429.28788,5493.76,23179.62,0,0,0,0,0
10123,0,0,0,0,0,0,0,0,0,0,0,0,0,0
10124,0,0,0,0,0,0,0,0,0,0,0,0,0,0
10125,0,0,0,0,0,0,0,0,0,0,0,0,0,0
10126,0,0,0,0,0,0,0,0,0,0,0,0,0,0
10128,0,71395.94948,814925.7775,979530.7495,18495.2,64237,1857566.414,119390.26,485229.15,18345.36555,467039.4,490579.0146,922810.1619,53153.61818
10129,0,1662.077276,43566.21938,794.6891054,0,0,43763.7519,2259.23,11011.98,0,0,0,0,0
10130,0,0,0,0,0,0,0,0,0,0,0,0,0,0
10131,0,0,0,0,0,0,0,0,0,0,0,0,0,0
10132,0,0,0,0,0,0,0,0,0,0,0,0,0,0
10133,0,0,0,0,0,0,0,0,0,0,0,0,0,0
10138,0,0,0,0,0,0,0,0,0,0,0,0,0,0
10149,0,0,0,0,0,0,0,0,0,0,0,0,0,0
10150,0,0,0,0,0,0,0,0,0,0,0,0,0,0
10151,0,0,0,0,0,0,0,0,0,0,0,0,0,0
10152,0,0,0,0,0,0,0,0,0,0,0,0,0,0
10153,0,0,0,0,0,0,0,0,0,0,0,0,0,0
10154,0,0,0,0,0,0,0,0,0,0,0,0,0,0
10155,0,0,0,0,0,0,0,0,0,0,0,0,0,0
10156,0,0,0,0,0,0,0,0,0,0,0,0,0,0
10157,0,0,0,0,0,0,0,0,0,0,0,0,0,0
10158,0,0,0,0,0,0,0,0,0,0,0,0,0,0
10159,0,0,0,0,0,0,0,0,0,0,0,0,0,0
10160,0,0,0,0,0,0,0,0,0,0,0,0,0,0
10161,0,0,0,0,0,0,0,0,0,0,0,0,0,0
10162,0,0,0,0,0,0,0,0,0,0,0,0,0,0
10163,0,770.0977247,134.9319845,20419.00687,0,0,20076.74761,1247.29,5262.64,0,0,0,0,0
10164,0,0,0,0,0,0,0,0,0,0,0,0,0,0
10165,0,0,0,0,0,0,0,0,0,0,0,0,0,0
10166,0,0,0,0,0,0,0,0,0,0,0,0,0,0
10167,0,0,0,0,0,0,0,0,0,0,0,0,0,0
10168,0,0,0,0,0,0,0,0,0,0,0,0,0,0
10169,0,0,0,0,0,0,0,0,0,0,0,0,0,0
10170,0,723.9782009,126.8511933,19196.15574,0,0,18874.39367,1172.59,4947.47,372.2169768,0,19429.53004,18628.53088,1173.216142
10171,0,0,0,0,0,0,0,0,0,0,0,0,0,0
10172,0,0,0,0,0,0,0,0,0,0,0,0,0,0
10173,0,0,0,0,0,0,0,0,0,0,0,0,0,0
10174,0,0,0,0,0,0,0,0,0,0,0,0,0,0
10175,0,0,0,0,0,0,0,0,0,0,0,0,0,0
10176,0,0,0,0,0,0,0,0,0,0,0,0,0,0
10177,0,0,0,0,0,0,0,0,0,0,0,0,0,0
10178,0,0,0,0,0,0,0,0,0,0,0,0,0,0
10179,0,0,0,0,0,0,0,0,0,0,0,0,0,0
10184,0,0,0,0,0,0,0,0,0,0,0,0,0,0
10185,0,0,0,0,0,0,0,0,0,0,0,0,0,0
10196,0,0,0,0,0,0,0,0,0,0,0,0,0,0
10197,0,0,0,0,0,0,0,0,0,0,0,0,0,0
10199,0,0,0,0,0,0,0,0,0,0,0,0,0,0
10203,0,0,0,0,0,0,0,0,0,0,0,0,0,0
10211,0,0,0,0,0,0,0,0,0,0,0,0,0,0
10212,0,0,0,0,0,0,0,0,0,0,0,0,0,0
10213,0,0,0,0,0,0,0,0,0,0,0,0,0,0
10242,0,0,0,0,0,0,0,0,0,0,0,0,0,0
10249,0,0,0,0,0,0,0,0,0,0,0,0,0,0
10256,0,0,0,0,0,0,0,0,0,0,0,0,0,0
10257,0,0,0,0,0,0,0,0,0,0,0,0,0,0
10258,0,0,0,0,0,0,0,0,0,0,0,0,0,0
10259,0,0,0,0,0,0,0,0,0,0,0,0,0,0
10260,0,0,0,0,0,0,0,0,0,0,0,0,0,0
10261,0,0,0,0,0,0,0,0,0,0,0,0,0,0
10265,0,0,0,0,0,0,0,0,0,0,0,0,0,0
10268,0,0,0,0,0,0,0,0,0,0,0,0,0,0
10269,0,0,0,0,0,0,0,0,0,0,0,0,0,0
10270,0,0,0,0,0,0,0,0,0,0,0,0,0,0
10271,0,0,0,0,0,0,0,0,0,0,0,0,0,0
10272,0,0,0,0,0,0,0,0,0,0,0,0,0,0
10273,0,0,0,0,0,0,0,0,0,0,0,0,0,0
10274,0,0,0,0,0,0,0,0,0,0,0,0,0,0
10275,0,0,0,0,0,0,0,0,0,0,0,0,0,0
10276,0,0,0,0,0,0,0,0,0,0,0,0,0,0
10277,0,0,0,0,0,0,0,0,0,0,0,0,0,0
10278,0,0,0,0,0,0,0,0,0,0,0,0,0,0
10279,0,0,0,0,0,0,0,0,0,0,0,0,0,0
10280,0,445.6517909,11681.38448,213.079517,0,0,11734.34876,605.77,2952.64,0,0,0,0,0
10281,0,0,0,0,0,0,0,0,0,0,0,0,0,0
10282,0,76.81466323,13.45901256,2036.727399,0,0,2002.588187,124.41,524.93,0,0,0,0,0
10285,0,0,0,0,0,0,0,0,0,0,0,0,0,0
10286,0,0,0,0,0,0,0,0,0,0,0,0,0,0
10292,0,0,0,0,0,0,0,0,0,0,0,0,0,0
10301,0,23414.25773,61175.10824,313798.2604,249954.1,0,600991.3802,47350.35,167548.62,9496.326043,404983.4,90719.81522,479317.2558,25882.28543
10302,0,10802.93002,19593.82573,178153.1056,90583.7,0,278190.2551,20943.31,76581.36,0,0,0,0,0
10303,0,9343.113436,11892.54527,161887.0234,75588.5,0,240657.6211,18053.56,66185.09,0,0,0,0,0
10304,0,14774.21738,12252.15129,277360.3974,104711.9,0,381077.7603,28020.91,104236.46,0,0,0,0,0
10305,0,16148.28192,28937.30678,318359.979,83701,0,417905.038,29241.53,112822.54,0,0,0,0,0
10306,0,29471.86207,18005.88597,521785.0831,246814.2,0,758598.7747,57478.26,209198.01,1167.962067,223,60744.00442,58455.81698,3679.149506
10307,0,6082.876366,17285.30575,55598.10603,89468.8,0,155166.399,13268.69,44301.97,0,0,0,0,0
10308,0,5634.758825,19105.38923,65596.24757,65690.3,0,144453.9261,11572.77,40463.55,0,0,0,0,0
10309,0,9356.686587,13922.92348,121156.3131,114651.1,0,239469.2545,19617.77,67511.62,0,0,0,0,0
10310,0,25473.85473,21315.37869,500095.8157,158487,0,657942.3541,47429.69,179018.17,0,0,0,0,0
10311,0,153.6562116,26.92273577,73.46765347,4000.7,0,3845.849281,408.9,1178.07,0,0,0,0,0
10312,0,13905.06331,13036.36324,154396.6287,203693.7,0,354468.6681,30563.09,101456.82,0,0,0,0,0
10313,0,0,0,0,0,0,0,0,0,0,0,0,0,0
10314,0,28831.56193,95705.89635,460747.9364,213061.7,0,744034.1224,54312.97,203119.8,681.2936027,0,35563.16704,34097.04475,2147.415895
10451,0,33231.36757,512693.6044,266703.0157,77905.9,22455,864830.6591,55347.23,226875.56,9393.242892,477755.1,12567.22902,474885.9183,24829.6536
10452,0,34345.8792,282692.8825,522260.5972,61609.4,38266,889842.6014,61196.16,236791.88,17780.85664,738607.6,189543.7465,897273.5812,48658.62192
10453,3030.5,46927.94436,450430.5378,581201.0608,130126.6,62624,1212426.554,87010.09,324476.2,12109.31303,369467,262632.7591,609735.5703,34473.50181
10454,2060.6,421245.9096,335171.9255,10696172.43,118600.8,73001,10969479.2,694836.77,2885119.95,53011.88384,248931.5,2518260.901,2655601.818,164602.4667
10455,1487.3,33576.80311,390096.0295,302211.1788,112622.7,70407,864334.1432,65408.87,234407.3,6850.313271,326923.4,30659.34288,346110.3193,18322.73684
10456,3740.8,52230.14562,365077.8583,591131.2026,328861.4,71900,1339716.619,106538.19,367818.83,12677.47633,606263.8,55493.78395,640538.6937,33896.36656
10457,4912,65162.5087,717204.4907,731985.8541,192427.2,52894,1687081.848,117270.61,446733.7,14871.14072,543747.7,232518.0092,749700.9616,41435.88837
10458,1870.3,100120.2474,1032071.78,1379408.6,106615.2,94208,2597678.337,174655.29,682583.06,24437.84099,912698,362944.4218,1232179.941,67900.32213
10459,0,34075.82957,378098.566,337012.0784,144774.6,37369,880477.5144,63083.56,236732.86,3060.513428,159374.6,382.5881777,154764.806,8052.895559
10460,0,63344.40932,992346.1341,491891.7661,87533.9,77337,1643399.629,110609.58,430978.31,4580.847813,155554.6,83563.2419,230815.5482,12883.14147
10461,1701.1,158793.2076,767197.1099,2883088.506,0,309393,4074508.923,322481.3,1082019.62,29031.49354,271802,1243626.664,1455671.828,88788.32973
10462,2686.7,99231.01783,364385.2741,1878511.732,89890.4,164965,2548155.006,199555.82,679578.68,12716.49354,352787.6,311006.6614,639956.6454,36554.10956
10463,450.4,55478.31895,732621.1841,541632.9519,125574.6,30223,1438219.602,97977.25,375577.89,22343.91262,694158.6,472181.8643,1125198.657,63485.72011
10464,0,6256.024299,90019.24371,19331.29327,0,42008,157179.241,16050.32,44363.17,439.4629866,22884.8,54.93631939,22222.87387,1156.325439
10465,3872,38168.69534,461378.6938,176472.5005,26500.2,188637,955381.0011,101511.69,260215.17,1856.854403,70373.7,26553.12136,93634.66639,5149.00937
10466,4740.8,54542.40909,474414.0995,488023.6653,76750.7,259227,1373928.281,136353.19,380622.29,12211.42834,461603.1,175827.0243,615767.5476,33874.00502
10467,1524.4,145514.0378,1276123.812,2285866.435,66574.1,157097,3772739.188,256550.3,991780.2,42457.95116,1518910.9,697371.7768,2140103.617,118637.0106
10468,4303.4,74895.66779,848180.9775,968341.77,89653.2,53983,1946812.917,127051.1,509512.48,16952.0896,451960.4,432929.7441,852929.3873,48912.84644
10469,1932,33363.63474,180777.3794,223052.2566,47519.3,278798,816923.9437,106916.43,238621.66,2423.976886,126227.3,303.0161185,122576.2675,6378.025505
10470,0,25087.82264,263831.6404,191520.7421,39472.6,130838,634522.1022,60160.7,178278.72,8893.627583,169629,294613.6732,446800.1578,26336.14294
10471,0,70930.13384,496603.76,1201744.129,49926.6,96079,1834623.774,129434.45,486604.28,5671.484074,118248,177800.48,285026.1056,16693.85848
10472,156,48451.22138,438118.8374,469577.1853,131550.5,164837,1231604.207,110012.04,338547.78,8900.101005,409336.3,55244.28242,449521.2095,23959.47397
10473,2737.7,33245.52451,232203.7849,318068.4846,212384.9,63467,845490.3052,75079.59,232485.15,2702.078638,140709.3,337.7810182,136639.3862,7109.773434
10474,1320.7,111252.3321,174161.3779,2651289.084,101288.2,13230,2892585.154,187996.34,760905.41,647.1309859,16152,17627.89645,32548.81103,1878.216407
10475,400.1,25374.37974,9206.449265,654815.6537,0,9210,660072.9334,42544.65,173837.04,0,0,0,0,0
10499,0,0,0,0,0,0,0,0,0,0,0,0,0,0
11004,0,5477.135136,38018.37134,29105.58294,0,58078,133835.4332,17826.66,40397.14,1066.184737,55521,133.2814527,53915.09561,2805.370582
11005,0,946.0724367,24312.36524,452.3456697,0,0,24837.90289,1358.88,6229.26,0,0,0,0,0
11101,392.6,57954.53948,803121.1528,419331.3074,135373.2,133767,1491046.023,113717.48,400961.94,5752.756152,241809,58481.83963,290329.1803,15714.4155
11102,548.4,51144.22441,775568.1896,344574.991,12118.9,208165,1314296.692,101888.91,359935.07,1154.362311,60112.8,144.3043409,58374.08115,3037.385507
11103,664.5,50469.41144,107819.9528,737680.5427,24685.6,442002,1262394.288,135105.72,380748.98,3353.451627,144791,30257.40775,169279.7959,9122.063498
11104,0,24044.37225,124398.7132,341511.0371,47515.8,94592,611020.3772,54769.25,170227.78,3357.851096,89700.3,85577.75772,168949.0713,9686.837485
11105,0,121871.122,301748.4397,2580904.747,4463.3,319433,3138248.019,236368.19,854778.67,9180.741429,125124.2,354105.6647,460724.4414,27686.16471
11106,0,33568.88736,130950.2426,454276.6941,3188.4,261502,841066.6325,88457.19,247463,3344.819757,128716.8,45881.0287,168687.0503,9255.598117
11109,0,0,0,0,0,0,0,0,0,0,0,0,0,0
11111,0,393.1758537,68.88995577,10424.98919,0,0,10250.24764,636.81,2686.86,0,0,0,0,0
11120,0,0,0,0,0,0,0,0,0,0,0,0,0,0
11124,0,500.6933378,87.72853564,13275.79654,0,0,13053.27032,810.95,3421.6,0,0,0,0,0
11201,0,42940.03046,497961.1991,482275.2193,151626.3,2712,1116394.825,72616.32,293596.01,6521.136583,321367.7,19032.19321,329580.2905,17340.73932
11202,0,106.741656,18.70264385,2830.236394,0,0,2782.796545,172.88,729.44,0,0,0,0,0
11203,1825.1,27264.69258,174311.9587,534882.5691,0,12630,710650.2545,44310.17,185631,1617.284012,32094.1,52327.27318,81261.97012,4776.687071
11204,0,40004.78855,72644.90327,930213.4919,59034.6,656,1040437.973,67296.21,274347.73,4476.105499,158883.8,74766.54829,225606.7488,12519.70501
11205,0,20774.23377,178105.8388,284251.2856,83646,8462,539060.3644,36178.99,143991.07,3971.249618,179414.7,27882.43734,200545.2807,10723.10623
11206,0,13324.29069,117545.3037,139258.4439,48037.5,7611,339718.5406,29231.6,88540.59,6076.127692,316411.1,759.5636076,307259.1399,15987.65137
11207,2739.8,17313.76008,255935.215,146470.1291,18700.4,28235,448812.5905,30606.11,118363.75,8460.710991,440587,1057.655219,427843.3427,22262.02353
11208,5675.1,14858.3064,118355.8849,155623.1029,37713.4,63505,378168.2976,33258.8,105753.2,9219.439859,480097.4,1152.502277,466210.9332,24258.40893
11209,0,36837.84289,85055.40971,893797.68,0,1972,960613.0245,59428.31,251075.23,1728.943344,80203,10046.93148,87331.33006,4647.544755
11210,0,15509.18392,165993.8278,231033.407,10203,3734,404727.6593,24722.26,105072.49,1163.618287,58213,2527.26141,58818.32165,3085.55805
11211,669,16193.7562,62799.47452,273927.0216,71747.2,11905,417074.8522,31330.9,112513.01,2945.745087,139688.1,14078.24124,148824.0719,7888.014376
11212,0,20211.117,179635.7728,257644.0426,83854.7,18101,523299.3388,36347.29,140967.16,5086.97303,252621,12916.31152,257116.5164,13507.76815
11213,1302.5,21516.07522,150598.3199,359273.9823,44385.1,15093,558537.581,37243.4,148228.51,4938.554799,190433.7,67356.25808,249066.6813,13661.83158
11214,0,165144.3322,80122.21656,4198514.969,121052.2,791,4299947.852,272905.27,1131449.16,940.5223812,42154.8,6939.972673,47492.34625,2542.948808
11215,0,98780.68802,155436.27,2363899.516,101439.8,3779,2570492.186,164748.99,676466.25,6848.669471,65929.7,291567.2374,343418.1142,20927.49263
11216,6423.7,19211.57388,166742.4387,305221.9309,0,32702,499041.7143,32927.53,132402.35,1971.857025,102683.4,246.4975905,99713.35762,5188.396996
11217,0,22873.22901,294408.8124,250948.8783,52892,11048,595720.4818,37640.14,156546.29,0,0,0,0,0
11218,0,41920.65379,91961.68988,997277.2247,16946.4,1592,1091328.837,69455.73,285504.18,1514.285355,30603.6,48441.29754,76092.23934,4466.94356
11219,0,19333.19837,96149.64907,418104.3833,0,0,504706.6613,30630.37,131221.74,1862.317734,66994.2,30217.80432,93874.29744,5200.024614
11220,1727.3,38416.76445,187316.259,833243.6098,0,2392,1003093.169,60668.56,261154.04,2048.777642,0,106945.1133,102536.2086,6457.682349
11221,755.7,21818.71348,119407.4464,237077.9828,192617,23947,558489.4871,45671.56,155662.01,2633.55177,137140.8,329.2146224,133174.1025,6929.463913
11222,0,876076.7955,20432907.11,1613126.55,21482.9,26287,22858285.51,1400315.74,5714228.67,44490.40987,1467652,854723.9501,2241310.515,125555.8452
11223,0,15464.61606,98356.11888,313980.0978,0,415,404079.3786,24136.45,104952.33,4109.98364,214025.2,513.7801836,207834.6773,10814.28648
11224,0,10164.58481,66900.07864,154171.4935,49221.6,1000,263567.0117,17890.75,70604.15,312.571621,0,16316.0739,15643.42966,985.2158666
11225,1803.6,26618.38553,263368.9166,354527.2502,78180.9,10734,692082.6138,44981.54,183031.84,5872.96286,245922.2,60643.36641,296386.358,16052.17124
11226,1103,29957.93758,166300.8533,550427.4905,68127.6,0,778059.9504,51476.53,204364.6,1369.233457,59878.5,11594.76492,69125.50281,3716.995564
11227,2123,660.4793596,115.7253006,12065.49503,0,3324,16980.69414,1308.01,4704.14,0,0,0,0,0
11228,0,14270.8701,74650.25775,242254.232,62671.6,438,370090.9556,25070,98913,492.1145115,25626.6,61.51817287,24885.3693,1294.863381
11229,0,18111.1731,55640.03301,397727.3963,12636.4,12876,470137.0535,31362.05,124487.84,5568.032219,272348.9,18299.44769,281389.6074,14826.77251
11230,4699,27752.98035,245403.3136,461817.2341,0,14980,722634.5488,45846.58,187607.77,4017.489171,110357,99353.81765,202168.878,11559.42884
11231,0,281680.4723,123206.8922,7371555.101,23301,0,7343326.105,456417.36,1925082.58,46152.11104,86600.5,2322515.376,2310663.997,144603.9898
11232,0,11796.53537,52357.5194,209136.3782,50310.9,0,305604.4136,21042.12,81553.96,706.4537267,36788.2,88.31225551,35724.12817,1858.83781
11233,3766,19970.83305,218635.0717,210271.8556,64875.7,30099,516366.3387,36626.82,138825.15,4140.891303,215634.7,517.6438838,209397.6237,10895.61146
11234,2506,17790.46036,137193.8396,330563.5539,0,3675,464766.5494,27852,120627.37,1720.966306,89618.4,215.1342833,87026.25321,4528.247383
11235,591,12713.07257,54949.30965,172567.6021,107829.5,3258,327309.4913,24715.99,90154.49,674.8048179,33640.1,1584.355894,34108.69826,1790.56245
11236,2710,23462.90446,296153.3318,246866.6199,73795.3,1389,610921.8543,38766.9,159888.95,19.20326971,1000,2.400559297,971.0757301,50.52809895
11237,3631,12034.84134,67710.97397,167084.9194,0,58725,304798.944,28446.29,84594.38,301.1571975,15682.6,37.64701122,15228.99224,792.4119646
11238,0,18454.95712,88558.66882,337337.8697,56931.5,8015,478581.3909,32437.1,127809.28,4041.91381,210480.5,505.270921,204392.5052,10635.17953
11239,0,0,0,0,0,0,0,0,0,670.847024,34934,83.86113847,33923.55955,1765.148609
11240,0,0,0,0,0,0,0,0,0,0,0,0,0,0
11241,0,89.02819468,15.59899555,2360.567056,0,0,2320.999709,144.19,608.39,0,0,0,0,0
11242,0,0,0,0,0,0,0,0,0,0,0,0,0,0
11243,0,0,0,0,0,0,0,0,0,0,0,0,0,0
11244,0,0,0,0,0,0,0,0,0,0,0,0,0,0
11245,0,0,0,0,0,0,0,0,0,0,0,0,0,0
11247,0,4.00972542,0.7025604554,106.3171703,0,0,104.5351034,6.49,27.4,1248.481377,0,65170.06996,62483.37751,3935.173825
11248,0,0,0,0,0,0,0,0,0,0,0,0,0,0
11249,0,2298.406105,1775.713171,33771.33705,16279.6,732,57972.34232,5670.61,15507.9,0,0,0,0,0
11251,0,0,0,0,0,0,0,0,0,0,0,0,0,0
11252,0,0,0,0,0,0,0,0,0,0,0,0,0,0
11254,0,0,0,0,0,0,0,0,0,0,0,0,0,0
11255,0,0,0,0,0,0,0,0,0,0,0,0,0,0
11256,0,0,0,0,0,0,0,0,0,0,0,0,0,0
11303,0,393.7519637,68.99089836,10440.26465,0,0,10265.26705,637.74,2690.79,0,0,0,0,0
11320,0,49.85271643,1306.734899,23.83608224,0,0,1312.659734,67.76,330.3,0,0,0,0,0
11321,0,1007.831426,176.5862824,26722.4745,0,0,26274.55779,1632.33,6887.25,0,0,0,0,0
11346,0,3.852255361,100.9749695,1.841879082,0,0,101.4327976,5.24,25.52,0,0,0,0,0
11350,0,61.19056073,111.9214494,29.2570464,0,1492,1432.15375,262.22,548.65,0,0,0,0,0
11351,0,59.90391512,10.49601094,535.3418625,0,1053,1445.888398,212.85,502.03,0,0,0,0,0
11352,0,0,0,0,0,0,0,0,0,0,0,0,0,0
11353,0,0,0,0,0,0,0,0,0,0,0,0,0,0
11354,0,33273.13938,280709.1234,346790.6881,79845.2,128904,845565.5106,75769.04,234519.66,14696.87105,738660.4,28508.52413,742928.3263,38937.46887
11355,440,49645.65099,597200.4184,469952.878,0,143833,1268464.711,106225.34,337194.66,14200.13623,606227.5,135012.1284,716743.6592,38696.10543
11356,0,15974.64622,28187.78336,81019.85853,20429.4,212443,380733.4845,61605.1,120895.02,0,0,0,0,0
11357,486,23427.60812,107517.6474,78567.64365,37641.9,166926,559182.376,89529.02,154536.58,1419.471131,73918.2,177.4450222,71780.17003,3734.946124
11358,0,35480.9618,274991.165,253577.4143,13004.9,255187,878067.5788,104401.66,249969.62,211.3127799,11004,26.4157545,10685.71733,556.0112009
11359,0,4481.017946,117456.0376,2142.509374,0,0,117988.5921,6090.97,29688.69,0,0,0,0,0
11360,0,5824.763735,101286.0808,10409.19463,0,33111,147722.3381,13565.6,40978.69,2658.377758,138433.6,332.3180654,134429.5092,6994.786639
11361,528,21630.72111,112754.0075,89311.79796,136140.8,132018,530154.9239,68800.6,153517.15,2480.711027,90301.7,39190.10833,125056.4136,6916.10572
11362,0,12045.26893,51361.20103,47504.10514,145183.2,49736,299360.4834,34173.49,88504.75,0,0,0,0,0
11363,0,5771.719369,35784.58665,46664.33252,0,55859,142470.6849,17348.45,42694.69,0.4282329145,0,22.35353247,21.43198878,1.349776607
11364,0,19930.87406,147017.9703,89739.14999,113376.1,128401,494902.7293,56983.96,145280.19,3456.66152,180003.8,432.1097955,174797.3215,9095.249818
11365,419,26381.35084,136767.9848,322932.0168,83514,114689,666750.7152,63749.94,187940.62,4027.778283,209744.4,503.5038693,203677.6964,10597.9858
11366,0,9362.708857,90383.17866,62820.89254,0,57239,233157.8834,26095.9,64837.87,0,0,0,0,0
11367,11052,13349.37452,181555.8987,44638.33722,10613,72491,337047.8378,32596.87,92817.42,5637.993572,281723.5,12576.79341,284984.7445,14953.54248
11368,0,27568.2142,394092.04,136599.3919,0,119124,697465.6763,65899.27,188196.15,982.5621792,51166.4,122.8279772,49686.44923,2585.340922
11369,428,12641.16636,69964.51067,66620.22162,0,125925,305987.7865,44046.61,90353.07,529.5781704,15000,12643.70142,26654.06595,1519.213649
11370,0,5066.29575,56744.58648,13414.64828,0,46334,124920.4364,15365.49,36604.3,0,0,0,0,0
11371,0,0,0,0,0,0,0,0,0,0,0,0,0,0
11372,0,28561.12054,299403.7112,293265.0302,75440.5,76356,733630.2422,57228.32,200387.93,3215.107431,154019,13807.91364,162448.2941,8593.726967
11373,0,26833.16317,329870.1487,238859.6419,1809.5,100420,685353.4745,57657.88,185684.79,7228.437174,258528.1,118792.5113,364350.5241,20198.52442
11374,0,10183.24309,115519.8478,107814.8146,0,28593,260692.3494,21282.06,69447.83,5038.828513,262394.3,629.8930762,254804.7364,13258.28515
11375,0,32276.20028,561334.6456,173964.3215,12321.2,91989,833340.1218,60389.15,222688.39,5434.809536,54641,229053.1938,272545.0655,16583.93782
11377,0,306719.9325,852885.8588,7050354.419,60708,189314,7976411.994,516675.12,2105336.54,42060.54526,217781.4,1977756.898,2107203.148,130395.6948
11378,2378,19678.60319,178660.9689,200889.5317,14519.1,95785,499187.9313,45713.37,138952.94,736.0709296,38330.5,92.01463812,37221.81827,1936.767297
11379,0,7258.528628,67608.09661,53127.02072,0,61412,181519.0493,19469.9,53457.05,0,0,0,0,0
11380,0,518.5565878,13592.35843,247.9374918,0,0,13653.98721,704.87,3435.66,0,0,0,0,0
11381,0,0,0,0,0,0,0,0,0,0,0,0,0,0
11385,2041,64261.9259,189454.5959,1003112.658,88876,347897,1623686.042,155729.24,463712.03,752.6049448,0,39285.58152,37665.99947,2372.18699
11386,0,0,0,0,0,0,0,0,0,0,0,0,0,0
11390,0,0,0,0,0,0,0,0,0,0,0,0,0,0
11400,0,20.928155,3.666907971,10.00637998,0,0,469.3191516,110.18,95.07,0,0,0,0,0
11405,0,0,0,0,0,0,0,0,0,0,0,0,0,0
11411,400,7691.429184,71388.44689,37964.00349,0,89313,190547.8584,22428.12,59293.87,522.3481393,27201,65.29761343,26414.23093,1374.41482
11412,902,16072.96898,145392.8109,57380.16961,60091.7,137983,399113.2594,45947.89,120322.84,0,0,0,0,0
11413,0,8946.653756,110803.6799,29707.16409,0,87420,223199.1109,24534.09,67002.77,2084.386265,108543.3,260.5646279,105403.7643,5484.486603
11414,0,2367.973305,19379.50233,29419.39922,0,12073,60269.48631,5299.79,16887.81,391.3453537,20379.1,48.92123796,19789.64941,1029.717181
11415,2236,7766.027745,120718.6176,43841.0713,0,28874,198990.1409,16051.48,53528.32,4895.950425,254954,612.0321949,247579.6417,12882.34094
11416,0,8104.404018,24888.80591,118029.4592,26089.1,41944,205112.4832,19298.79,59250.18,0,0,0,0,0
11417,0,8466.074337,73284.17565,77466.08462,0,68461,212956.3493,21469.59,62711.14,2705.523705,140888.7,338.2116786,136813.5972,7118.838175
11418,557,18644.79688,233150.6314,94392.73783,0,134418,468707.7144,47567.45,134286.59,0,0,0,0,0
11419,0,10234.07519,72814.85434,46668.61897,3100.7,130305,250222.7471,33159.2,79152.01,181.1406025,9432.8,22.64399573,9159.963146,476.6214518
11420,0,11774.91973,85380.23203,39836.64306,71607.4,93962,291321.6462,34726.35,88293.32,0,0,0,0,0
11421,600,8744.923087,62971.43388,50347.41059,0,94547,214742.6628,27404.6,65365.84,38.40653942,2000,4.801118593,1942.15146,101.0561979
11422,739,6394.80151,76139.75943,18131.44682,0,64111,158839.407,18232.9,47689.52,0,0,0,0,0
11423,304,9477.900126,93566.8618,73829.16894,0,62273,237960.8696,24482.56,67476.24,3838.862277,199906.7,479.8878871,194124.5446,10100.90552
11424,0,0,0,0,0,0,0,0,0,0,0,0,0,0
11425,0,0,0,0,0,0,0,0,0,0,0,0,0,0
11426,836,20440.04006,144405.6833,243538.5976,0,118694,515951.9001,50033.62,145609.76,948.4456502,49389.8,118.5631435,47961.23609,2495.572702
11427,1905,10852.22967,106539.4637,55613.47721,0,88215,269146.5942,31352.08,77706.7,1895.262863,98694.8,236.9227197,95840.12496,4986.86062
11428,2353,7125.06315,46202.81157,31933.80686,29059,59481,175679.2213,21614.06,52522.18,0,0,0,0,0
11429,3466,7245.904138,48153.48462,29023.08457,0,102323,176864.9059,23774.47,57061.87,0,0,0,0,0
11430,0,145.9478601,25.57212386,69.78205894,3800,0,3652.917556,388.38,1118.97,0,0,0,0,0
11431,0,164.9940559,1031.909286,2579.788618,0,792,4224.369297,344.32,1189.2,0,0,0,0,0
11432,0,24495.80435,208102.0105,263893.7804,0,108017,618442.0218,59847.77,168779.94,5130.537568,232469,35342.35743,259095.2928,13846.6022
11433,782,5567.814846,91919.7597,18338.73964,0,30390,141764.1055,12408.91,39326.79,1304.226548,67916.9,163.0385457,65952.45325,3431.711844
11434,700,13361.79545,80021.87505,49245.87604,114427.7,108231,332123.4443,37865.2,103489.81,2955.402411,153901,369.4484763,149449.5259,7776.324957
11435,2538,16323.65364,115093.2344,74307.12947,149071.5,79684,410012.6049,41990.01,120995.51,3919.867429,131909,72706.01417,197498.6734,11036.2082
11436,0,3374.671714,31592.89009,18119.63199,0,35808,83713.19793,9731.6,25564.32,0,0,0,0,0
11439,0,751.785109,131.7233559,19933.45106,0,0,19599.33059,1217.63,5137.5,0,0,0,0,0
11443,0,32.06244043,5.617791841,850.1300165,0,0,835.8803094,51.93,219.11,0,0,0,0,0
11451,0,192.0366581,33.64753139,5091.818499,0,0,5006.470468,311.03,1312.33,0,0,0,0,0
11452,0,0,0,0,0,0,0,0,0,345.6588548,0,18043.21007,17299.36314,1089.505781
11499,0,0,0,0,0,0,0,0,0,0,0,0,0,0
11601,0,32.48108035,5.691143459,15.53018085,0,0,728.396415,171.01,147.55,0,0,0,0,0
11690,0,0,0,0,0,0,0,0,0,0,0,0,0,0
11691,0,19787.27289,415951.7093,30675.08995,29493.3,33458,512530.3459,35380.03,134177.1,3262.03062,141748.7,28527.57941,164673.9797,8864.330377
11692,0,996.4244484,19934.68762,1100.92048,0,5559,25563.28445,2027.75,7140.4,0,0,0,0,0
11693,0,12574.05339,219851.5515,10396.83289,11229.5,88146,319004.7792,29171.26,91776.59,0,0,0,0,0
11694,0,6475.191896,79811.34496,27407.28388,43017.4,20453,165328.2426,13970.08,46608.91,0,0,0,0,0
11695,0,0,0,0,0,0,0,0,0,0,0,0,0,0
11696,0,56.98879865,9.985241415,1211.048058,0,300,1452.720176,125.3,415.85,0,0,0,0,0
11697,0,0,0,0,0,0,0,0,0,0,0,0,0,0
